,sorted_id,day_old,day1,day2,day3,day4,day5,diff,weight
0,143,95.007,94.2809079736678,97.61421876813412,95.76907428040263,95.97743284385813,97.65476813713941,2.6477681371394084,0.4550444079072791
1,168,99.99,100.02682168600657,100.11597630266779,100.60150788155424,101.38232924679502,101.22600165122309,1.2360016512230914,0.21241876570086468
2,147,101.74,102.16760886977043,101.63611261844851,101.54986107412527,101.71429205886963,102.09158002645857,0.3515800264585636,0.060422407358034926
3,146,101.3,101.57292524379642,101.57292524379642,101.57292524379642,101.57292524379642,101.57292524379642,0.272925243796422,0.0469048268329372
4,145,99.501,99.52519484147112,99.8022975419989,99.8022975419989,99.8022975419989,99.75691003929312,0.25591003929311285,0.043980600368381806
5,54,0.616,0.6220084951285836,0.6344868111024827,0.8690185091908127,0.8329992050796244,0.8343465306049134,0.21834653060491335,0.037524950294577135
6,83,1.129,1.0945843219651339,1.0787012619041896,1.2795999331863892,1.2308238094102826,1.2774167530074971,0.1484167530074969,0.025506845765121255
7,73,0.855,0.8671462704048425,0.8892915548124314,0.9590432006666306,0.922229135467238,0.9827493248575804,0.1277493248575805,0.021954949557319064
8,153,99.883,99.88229393060179,99.88229393060179,99.88229393060179,99.88229393060179,99.99019992320488,0.10719992320487393,0.01842333733767538
9,110,3.645,3.8688177164993576,3.8203855218818235,3.7421871092197128,3.7642622225501534,3.745057640885601,0.1000576408856011,0.017195867460878908
10,169,100.11,99.8904409825537,100.02003421146676,100.44519471494928,100.1317777657413,100.2080273440405,0.09802734404050284,0.016846941430387473
11,185,1.051,1.0845895452872052,1.0953737752923285,1.1550825423168325,1.152232179357079,1.1407486863725869,0.08974868637258715,0.015424174525716695
12,104,4.633,4.379765944900441,4.521254820823332,4.717874571573054,4.671026037534213,4.716382153847982,0.08338215384798175,0.014330024708576205
13,167,100.072,100.06051671748224,100.04429123691595,100.00320041818995,99.85611897058676,100.1535892721431,0.08158927214309131,0.014021900752250073
14,97,2.659,2.5864601820270083,2.6287828484476767,2.676537950388332,2.7593973015682467,2.7288942635329443,0.0,0.0
15,133,1.702,1.6590515465511924,1.6508098398368245,1.7168937111097735,1.7747306941257677,1.7697448668029008,0.0,0.0
16,135,2.185,2.2042742017129777,2.171579927065472,2.1715858033101,2.261239448359589,2.246013365250183,0.0,0.0
17,4,0.918,0.9288037465385802,0.9228283257849008,0.957467339230191,0.9697143513768716,0.972599404970276,0.0,0.0
18,101,3.32,3.4177334398349752,3.362062263959709,3.3323501276626915,3.3675508818735898,3.3675508818735898,0.0,0.0
19,199,2.145,2.12393425971087,2.1435680167113795,2.1752975229366767,2.177883067882478,2.190913170794587,0.0,0.0
20,26,0.753,0.782892189974889,0.7903371760858384,0.7964099417363342,0.7980730439940559,0.7980730439940559,0.0,0.0
21,175,1.773,1.7433539007719103,1.7298571516060306,1.7921803367118758,1.8054102065628597,1.81649637551631,0.0,0.0
22,75,0.7190000000000001,0.7262569599853759,0.7254811130170015,0.7179205678335662,0.7607947935635295,0.7606051193460394,0.0,0.0
23,98,1.766,1.657400396428276,1.655887025695277,1.7001466051827474,1.7775311895937829,1.806813098079152,0.0,0.0
24,124,1.35,1.3382844243039251,1.3435731337178884,1.3627739979854578,1.365271608205218,1.390115650053564,0.0,0.0
25,46,1.173,1.139169016373443,1.1614671157820342,1.1636648535973455,1.1213408944349121,1.2098657311402377,0.0,0.0
26,174,1.6969999999999998,1.6713934234716488,1.6905510341296304,1.7480120308095937,1.7540071016655383,1.7335826291566172,0.0,0.0
27,130,5.2189999999999985,5.100343811786397,5.1058774895249215,5.171059989487962,5.157731273321014,5.250287374741627,0.0,0.0
28,27,0.966,0.9337726458772104,0.9447594822561884,0.9598505294553744,1.001736052182047,0.9971650568223204,0.0,0.0
29,41,0.8740000000000001,0.9131520185171088,0.9131520185171088,0.9131520185171088,0.904462725005354,0.904462725005354,0.0,0.0
30,58,0.92,0.9005752652594562,0.8803824875583718,0.9335935345927856,0.9398432212324608,0.9495720679742772,0.0,0.0
31,200,1.475,1.466321172654954,1.4601338102162966,1.4062498227410374,1.4189488099498608,1.5038102543718743,0.0,0.0
32,139,2.801,2.662849389770306,2.660520181319717,2.684173540471261,2.756857652575416,2.828840038752021,0.0,0.0
33,6,1.086,1.0049483761806697,1.0568791434558509,1.1079040029512233,1.0944365176448645,1.113567901105902,0.0,0.0
34,201,1.682,1.6009765342591624,1.6221554318490112,1.6539928649645073,1.7161346364908692,1.709525517758527,0.0,0.0
35,107,3.129,2.9209209806046053,3.1060057830304535,3.110048956100482,3.0886129794065704,3.1553474413052767,0.0,0.0
36,122,0.6559999999999999,0.6229364430677852,0.6292588667286123,0.6341510825419202,0.6642042261326914,0.6808916649409706,0.0,0.0
37,140,1.199,1.17688700910078,1.1722218438869674,1.1326366967493595,1.2325586034869418,1.2199694093044142,0.0,0.0
38,120,0.86,0.8517777707214497,0.8876721755470148,0.8789456809387226,0.8743361711623158,0.8783655484239893,0.0,0.0
39,35,0.825,0.8049943363206532,0.7916527314058127,0.8429785210969785,0.8518338622455156,0.8420375327552164,0.0,0.0
40,216,1.858,1.8641269372009677,1.8641269372009677,1.8641269372009677,1.8745179957549452,1.8745179957549452,0.0,0.0
41,44,1.03,1.0317256249453908,1.0317256249453908,1.0501299217681317,1.0496809803027958,1.0463976989990942,0.0,0.0
42,211,0.7140000000000001,0.7097348250395645,0.7210324492767031,0.7295569466305245,0.7122543489293596,0.7295569466305245,0.0,0.0
43,59,0.942,0.9386427025792728,0.9387017974542432,0.9570011327028416,0.9577949995665074,0.9571132671600536,0.0,0.0
44,134,1.816,1.8032416831652556,1.8070691216016799,1.8518928259688632,1.8180144664101845,1.8309753387731165,0.0,0.0
45,2,0.626,0.6169367506878346,0.6258859518445711,0.6432732619255952,0.6470089190216027,0.6403621658014554,0.0,0.0
46,52,0.9,0.904516397291766,0.9079594573413621,0.9216956552228096,0.9659818411184627,0.9133693844207356,0.0,0.0
47,182,1.091,1.130836598481136,1.1026227533505462,1.095440606626514,1.089345176756083,1.1040704101346166,0.0,0.0
48,53,1.012,1.0175737339199429,1.0175737339199429,1.0224545428242962,1.020598528174086,1.0244224179450327,0.0,0.0
49,221,2.623,2.6525553517011797,2.6306827311582337,2.6374503580353386,2.6884261471536766,2.6351310776999446,0.0,0.0
50,51,0.935,0.9359510916247814,0.931930641130198,0.9359510916247814,0.9359510916247814,0.947071097929148,0.0,0.0
51,187,0.652,0.6569268756971451,0.6597957019497309,0.6573216786721746,0.6597957019497309,0.6640608613055461,0.0,0.0
52,212,1.01,0.9829655010158932,0.9944543585180812,1.0064619413881202,1.0127668088557336,1.0218007697302955,0.0,0.0
53,170,100.002,99.991067625005,99.99717405452931,99.99298891639421,100.00069544446691,100.01376334863279,0.0,0.0
54,217,2.5980000000000003,2.6298599597276677,2.663449738855291,2.622149987520348,2.667143978559448,2.6095192368487474,0.0,0.0
55,192,2.381,2.3431721221357344,2.4000028181161053,2.3811471253388974,2.4134608234877577,2.391916853861456,0.0,0.0
56,105,0.5329999999999999,0.5420388629214609,0.5323689947607761,0.5386893469227885,0.5346129119120574,0.5436323213736063,0.0,0.0
57,125,1.409,1.4216544136515108,1.3954594011362933,1.3775501727624966,1.3986932741230458,1.4190434224571948,0.0,0.0
58,0,1.018,0.9971280668957231,0.9965105291293744,0.9945111565690729,1.0154283398319943,1.0274915309400188,0.0,0.0
59,193,1.016,0.9992585338897017,1.0039660431201822,1.0311659583653112,1.0250115613722053,1.0247555830514463,0.0,0.0
60,74,0.976,0.9748632471052379,0.9762055877049532,0.9788081899540276,0.9788081899540276,0.9833810884368892,0.0,0.0
61,202,0.7140000000000001,0.7179606801292273,0.7166776922558626,0.7178435582351292,0.7091085221208066,0.7206467615200896,0.0,0.0
62,203,0.698,0.6723620003939027,0.7030697624410664,0.7030355166375457,0.704637014525467,0.7045732074583327,0.0,0.0
63,116,3.508,3.4783656560595717,3.467992776568674,3.4636459883915496,3.5320778259148105,3.513975276727172,0.0,0.0
64,218,2.551,2.57767236355873,2.6161665135607493,2.6207967456355443,2.556556636521832,2.5566111575437827,0.0,0.0
65,49,0.91,0.9224908609928716,0.9110381105399816,0.9133858737248904,0.915403714197274,0.915403714197274,0.0,0.0
66,48,0.88,0.8805207815357307,0.8805207815357307,0.8923280929393774,0.9061416561482724,0.8853881244505857,0.0,0.0
67,91,0.99,0.9995852652158904,0.9964903819787662,0.9750174291778104,0.9712371497751074,0.9951181765835064,0.0,0.0
68,19,1.115,1.0816189824892979,1.1368265429423,1.129353645902171,1.1313571602459984,1.1196185374456082,0.0,0.0
69,208,0.674,0.6658709738541297,0.6658709738541297,0.6682949190995066,0.6762412043915607,0.6780258842705617,0.0,0.0
70,129,1.029,1.0335616759657666,1.0119268804314443,1.033082298783277,1.0290813731011192,1.032926805812688,0.0,0.0
71,80,0.856,0.8596790071003195,0.8596790071003195,0.8596790071003195,0.8596790071003195,0.8596790071003195,0.0,0.0
72,113,1.033,0.9719898433726653,0.9886003348706988,1.0381086691664743,1.0398257793653105,1.0360031688987743,0.0,0.0
73,119,1.103,1.0682982843940023,1.0775211557521045,1.075831378213676,1.076861460799692,1.105754831274719,0.0,0.0
74,76,0.97,0.9692724163305236,0.9692724163305236,0.9721997559046036,0.9721997559046036,0.9721997559046036,0.0,0.0
75,213,1.109,1.1077420668369526,1.0778368393504696,1.0871228419585441,1.1212850241095709,1.1105979301748379,0.0,0.0
76,21,1.086,1.08659626209125,1.08659626209125,1.08659626209125,1.08659626209125,1.08659626209125,0.0,0.0
77,69,1.158,1.1584782539532592,1.1584782539532592,1.1584782539532592,1.1584782539532592,1.1584782539532592,0.0,0.0
78,82,1.01,1.0084826837521048,1.0316446031677895,1.0424304613006106,1.0151470852062068,1.0103162594185802,0.0,0.0
79,8,0.879,0.8561054990212811,0.8665710863361257,0.8707532793997306,0.874276174913635,0.8791333741875794,0.0,0.0
80,67,0.95,0.9500224894267808,0.9500224894267808,0.9500224894267808,0.9500224894267808,0.9500224894267808,0.0,0.0
81,205,0.97,0.9700000286102296,0.9700000286102296,0.9700000286102296,0.9700000286102296,0.9700000286102296,0.0,0.0
82,15,0.951,0.9509999752044678,0.9509999752044678,0.9509999752044678,0.9509999752044678,0.9509999752044678,0.0,0.0
83,68,0.985,0.9849196074269162,0.9849196074269162,0.9849196074269162,0.9849196074269162,0.9849196074269162,0.0,0.0
84,183,1.435,1.4349183663721212,1.4349183663721212,1.4349183663721212,1.4349183663721212,1.4349183663721212,0.0,0.0
85,56,0.946,0.9457997475183068,0.9467868881612448,0.9470684727198604,0.9467868881612448,0.9457606593210682,0.0,0.0
86,85,0.959,0.9584954160433672,0.95732980150014,0.9524686340745117,0.9453270191302232,0.958570547284217,0.0,0.0
87,37,0.748,0.7360956912580365,0.7217662169682623,0.7280692226950631,0.7296235056143306,0.7472668754973626,0.0,0.0
88,93,0.934,0.943113954100944,0.9485893707921708,0.9273949681411782,0.9297260621784492,0.9331959990257479,0.0,0.0
89,103,3.508,3.3909970794721853,3.4778984940551223,3.4596746878485707,3.4953698886217954,3.506905790735107,0.0,0.0
90,196,0.76,0.7600542095939188,0.7600542095939188,0.7608694488970693,0.7851635009852114,0.758645417201307,0.0,0.0
91,72,1.154,1.1523053384735429,1.1523053384735429,1.1523053384735429,1.1523053384735429,1.1523053384735429,0.0,0.0
92,62,0.939,0.9350752122662224,0.9341156794680604,0.9399597341422008,0.93993885441787,0.937181794421114,0.0,0.0
93,77,0.478,0.4963762844019464,0.4963762844019464,0.4757682457358077,0.4757682457358077,0.4757682457358077,0.0,0.0
94,1,1.046,1.0380818812082888,1.0171666459246569,1.030581139511494,1.0324883321164045,1.0433086027031229,0.0,0.0
95,181,0.752,0.7324151105257127,0.732011998495995,0.746947000076098,0.7539261208365614,0.7489475951325263,0.0,0.0
96,99,1.4380000000000002,1.4708575736178937,1.4950937930932784,1.3954049235895274,1.422915602847971,1.4347969484656198,0.0,0.0
97,24,0.5820000000000001,0.5763095487819726,0.5677498615297356,0.563319074303421,0.5744161601280862,0.5785053643477036,0.0,0.0
98,79,0.991,0.9876263005580576,0.9876263005580576,0.9876263005580576,0.9865116679558796,0.9870396045243328,0.0,0.0
99,32,0.98,0.971510823341769,0.966893561655064,0.9759769251492512,0.9767980398961736,0.9759769251492512,0.0,0.0
100,65,0.992,0.9875451276242786,0.9875451276242786,0.9847547664210926,0.985716228095196,0.9863634329749978,0.0,0.0
101,31,0.979,0.9728589259504676,0.9728589259504676,0.9728589259504676,0.9740514826875316,0.9733450941338824,0.0,0.0
102,28,0.759,0.7811682922569898,0.7862450992894978,0.767448331990235,0.7301052124447802,0.7527796384909848,0.0,0.0
103,112,1.042,1.040278873612516,1.0533418264783174,1.031968520630866,1.044819749383738,1.0356200206242097,0.0,0.0
104,20,0.765,0.7464478494029974,0.7429530767413645,0.7331057929468624,0.7554523653138929,0.7585932923319983,0.0,0.0
105,50,0.962,0.9268692193478796,0.9268692193478796,0.9553674862621764,0.9736038193906428,0.9553674862621764,0.0,0.0
106,186,0.458,0.4696486177373816,0.4528879878188141,0.4531139875055094,0.4512617431469125,0.4512617431469125,0.0,0.0
107,25,0.597,0.5838592567703632,0.5791285972179764,0.5906114669596103,0.5939300387530265,0.5901774778268521,0.0,0.0
108,165,100.0,100.01460915819536,99.98973933205652,100.0187589308228,100.01394773753259,99.99203358002745,0.0,0.0
109,17,0.7709999999999999,0.7735692749464849,0.7653581715336447,0.7680925291037787,0.7680925291037787,0.7628880804260434,0.0,0.0
110,55,0.728,0.7292438794141781,0.7292438794141781,0.7302213745684928,0.7198588743596406,0.7198588743596406,0.0,0.0
111,178,1.486,1.52406475195362,1.4689079765355484,1.477160185821232,1.4300945909157377,1.4777662998290235,0.0,0.0
112,12,0.823,0.8100078756814193,0.8036810454877045,0.8054201762001537,0.8091311339664741,0.8141459086639915,0.0,0.0
113,198,0.711,0.7206451042685944,0.7222905328911527,0.7064218557904152,0.6972317596052511,0.7014144337987342,0.0,0.0
114,156,100.045,100.01952795257328,100.04987070068898,100.0293939127816,100.04467158771408,100.0351159708017,0.0,0.0
115,60,0.895,0.8985359479055187,0.9229571768355229,0.8625244126043617,0.8808680643800142,0.8846778618545319,0.0,0.0
116,115,1.308,1.2774807431734236,1.3003486672075342,1.2944022008187108,1.2916201589903662,1.2971796590340383,0.0,0.0
117,209,0.7290000000000001,0.7365364144151195,0.7191499278376121,0.7287638097102935,0.7328577979767277,0.7181250809371487,0.0,0.0
118,14,0.6990000000000001,0.6974987857451205,0.6771965623150407,0.6868600755407962,0.6876911659388888,0.6876911659388888,0.0,0.0
119,128,1.296,1.286456438670926,1.3311888769288458,1.3175681491852105,1.279633185815326,1.2846664281571298,0.0,0.0
120,92,0.961,1.0105022150185274,0.9664071443834172,0.9543679470471595,0.9386050256113868,0.9496514522876424,0.0,0.0
121,45,0.979,0.9713559846025256,0.9700390759732824,0.9757478698207434,0.9740132234197584,0.9669740894645832,0.0,0.0
122,29,0.747,0.7341560671319659,0.7306534083486895,0.7291983589293068,0.7319938268313902,0.7343069002863698,0.0,0.0
123,100,1.54,1.4549344803651605,1.4697152907221132,1.4984956541039305,1.5188471947048958,1.5269223366659814,0.0,0.0
124,117,1.492,1.4506545597970646,1.4593254137436389,1.466678191269974,1.4561610137492358,1.4784039949479808,0.0,0.0
125,191,0.6629999999999999,0.6654221745005708,0.6628784111785728,0.6463255277842471,0.6463255277842471,0.6493238911943416,0.0,0.0
126,61,0.8009999999999999,0.7821330772595864,0.7728409135427694,0.7955377641890565,0.7816998713714386,0.7872357113347742,0.0,0.0
127,197,0.6890000000000001,0.6910533032359392,0.6865787916466289,0.6913616846726927,0.687150530737105,0.6752303844826557,0.0,0.0
128,215,2.754,2.6978436945602513,2.675211767935985,2.735845276220017,2.7226537659516463,2.7398824182719514,0.0,0.0
129,71,0.964,0.9846345628298041,0.9453871694152722,0.9291642075861553,0.9377888512496569,0.9494321613950126,0.0,0.0
130,11,0.76,0.7418333871734306,0.7497686931107644,0.7443963606595231,0.7338088200609707,0.7451809136417151,0.0,0.0
131,64,0.7090000000000001,0.6920635934217398,0.6859290342482615,0.6995105774505974,0.6996753013468823,0.6936559126814901,0.0,0.0
132,206,0.757,0.7414469189008618,0.7414469189008618,0.7414469189008618,0.7414469189008618,0.7414469189008618,0.0,0.0
133,47,1.07,1.08058033489704,1.0738245418524806,1.0411078769573336,1.068033306854253,1.0529148302502136,0.0,0.0
134,81,1.114,1.020158696866907,1.0662938452999642,1.1054306790434232,1.118525344772393,1.096589857783264,0.0,0.0
135,90,0.995,1.0019240510194094,0.9822977658338412,0.9485670382553848,0.9693839704887456,0.9758974540832329,0.0,0.0
136,84,0.899,0.8237127218858588,0.8156605264695199,0.8339139071609493,0.8752210428180972,0.8797936601609289,0.0,0.0
137,22,0.732,0.7043820374255939,0.7164383847305575,0.7330006023081687,0.7369676823836927,0.7125222460293545,0.0,0.0
138,70,0.926,0.9033610239890963,0.8948234428074613,0.8920459716095293,0.9057863139064734,0.9063488972409828,0.0,0.0
139,10,0.8290000000000001,0.8019779867135396,0.8146960528950083,0.8079965634822408,0.8016845392377522,0.8092250777131401,0.0,0.0
140,23,0.911,0.9121377860828832,0.9112415592071492,0.8974418802072597,0.8974418802072597,0.8911947503494073,0.0,0.0
141,38,0.914,0.9036920417690356,0.9075346779475316,0.9075346779475316,0.9133164075199848,0.89322590974922,0.0,0.0
142,210,0.7,0.693745830483492,0.6999448687079699,0.6970472171959883,0.6738138481583132,0.675312460662277,0.0,0.0
143,214,1.305,1.2803375724638917,1.2785998192912622,1.2785998192912622,1.2778254646087897,1.2799901725441103,0.0,0.0
144,177,0.597,0.5830165714749903,0.5763104294233012,0.5950355072161675,0.5739635124064401,0.5719670505143064,0.0,0.0
145,66,0.429,0.4384292102793527,0.3548821561928837,0.373452841668251,0.38171516515597664,0.4038961913693169,0.0,0.0
146,86,0.838,0.7703086187538312,0.7510495166675627,0.7769581703912056,0.8234833645356128,0.8126418793068904,0.0,0.0
147,106,1.6569999999999998,1.5427786938485415,1.7090392764971118,1.6798454508622611,1.659450637275204,1.6314470293946062,0.0,0.0
148,34,0.916,0.903187196648818,0.8876091796726884,0.8932165375493842,0.8904159433876551,0.8901866290875785,0.0,0.0
149,173,0.695,0.677843689423002,0.6798808822133486,0.6798808822133486,0.6730758534661211,0.6686806892960501,0.0,0.0
150,127,1.355,1.3324720399434131,1.3441565548150831,1.3471846431501493,1.3461902524014802,1.3278099355106077,0.0,0.0
151,39,1.164,1.1569153333680475,1.1618368411729336,1.1221965395352231,1.1008249666110828,1.136787461397289,0.0,0.0
152,88,0.948,0.9445002057083144,0.9434368746339682,0.9285122417137924,0.9241205021804718,0.9202746946005,0.0,0.0
153,40,0.872,0.8511473338053293,0.8552980285498594,0.843323168750734,0.8434531386249571,0.8434531386249571,0.0,0.0
154,36,0.727,0.7109063087167763,0.7109063087167763,0.7047025296957955,0.7254134777714282,0.6979103442537418,0.0,0.0
155,220,2.603,2.634226345813277,2.5957807687291488,2.6083991064053014,2.5377809232925226,2.5736103968836628,0.0,0.0
156,219,0.977,0.9742991930954694,0.9729411059527578,0.9454253718469142,0.9454253718469142,0.9454253718469142,0.0,0.0
157,94,1.073,1.0523754886957513,1.0406145821377932,1.0530896849030007,1.035436350643764,1.0413943290497447,0.0,0.0
158,78,0.7979999999999999,0.7545765041848854,0.7564861577795776,0.7479647482685733,0.7386664049696947,0.7648338226171661,0.0,0.0
159,96,4.827,4.513272964992108,4.519631191410713,4.5514987737388,4.848939707660229,4.793099516295639,0.0,0.0
160,184,0.916,0.8861586229042374,0.8830500869159035,0.8744628848285328,0.8744628848285328,0.8820807152371886,0.0,0.0
161,9,0.871,0.8815298447455888,0.8510920253880528,0.8199433517173017,0.8456500446937242,0.8369114073319818,0.0,0.0
162,16,1.359,1.3300810611394014,1.3243972470758592,1.3288176993517105,1.32057817860696,1.3243016880372371,0.0,0.0
163,7,1.072,1.0357617943079949,1.036327766894623,1.0554838884472342,1.0589526130682574,1.0360583092070486,0.0,0.0
164,3,0.81,0.7674268049916578,0.7526941858806708,0.7608855362427025,0.7680315734771589,0.7740253711650585,0.0,0.0
165,195,1.022,0.9686633491922736,0.9771703048719468,0.9882470598371256,0.9853807829473548,0.9860253279237428,0.0,0.0
166,87,1.043,1.0137795734224495,1.016101304444576,0.9905250204537012,0.9852546812988359,1.0059455114912443,0.0,0.0
167,114,1.675,1.6294842426700606,1.5988095029950504,1.5614131689454034,1.61940626076178,1.637913759167429,0.0,0.0
168,18,1.098,1.0974302877691828,1.0949463899502678,1.0938266155652718,1.0556066658178012,1.060346817554784,0.0,0.0
169,154,100.045,100.03495846854588,99.9882671067428,100.01850868334913,100.01351702735495,100.00673402587951,0.0,0.0
170,118,3.791,3.71542701013894,3.714664648401645,3.761547505153596,3.785363150917192,3.751878288240031,0.0,0.0
171,194,0.919,0.8871050869318505,0.8799864864209748,0.8798651437976048,0.8798651437976048,0.8798651437976048,0.0,0.0
172,108,3.109,3.1135774575728408,2.982420568261684,3.0044436976568614,2.9766152663584413,3.069747999327475,0.0,0.0
173,42,0.889,0.8856582442656873,0.8516412398936624,0.8476443112941582,0.8476443112941582,0.8491210814200859,0.0,0.0
174,189,0.955,0.940119981163662,0.9149049919979008,0.9149049919979008,0.9149049919979008,0.9149049919979008,0.0,0.0
175,158,100.047,100.01088075929673,99.98260557250768,99.97981205407558,100.01624957142172,100.00680089499019,0.0,0.0
176,190,0.923,0.9061923096050988,0.8758847134248313,0.8729850949246474,0.8826295298310635,0.8826295298310635,0.0,0.0
177,123,1.236,1.251739142912626,1.26866779642076,1.2428415771690742,1.1935424941314716,1.1935424941314716,0.0,0.0
178,131,4.897,4.826933838984349,4.791569031762385,4.853531679299257,4.791569031762385,4.853531679299257,0.0,0.0
179,33,0.92,0.882707237849543,0.8967716694939691,0.8582854527322807,0.8518216248545178,0.874305277026264,0.0,0.0
180,155,100.054,100.02054289005707,100.00544641694698,100.03723029473906,100.03988907253927,100.00786041583879,0.0,0.0
181,164,100.056,100.03766113702244,100.0346131658313,100.01261221689373,100.04432499069964,100.00814340603705,0.0,0.0
182,43,1.011,0.962249994277954,0.962249994277954,0.962249994277954,0.962249994277954,0.962249994277954,0.0,0.0
183,30,0.977,0.9640531812752248,0.9201915180646364,0.906153385371871,0.9117240725414058,0.9270198790258358,0.0,0.0
184,180,0.914,0.8796629779646363,0.8800903675755184,0.8694702156264335,0.8694702156264335,0.8638668245406291,0.0,0.0
185,171,100.053,100.01114956809413,100.0002326502673,100.03052009373505,100.0411503373685,100.00247418703535,0.0,0.0
186,188,0.7490000000000001,0.6926645422978158,0.701246828150216,0.6953232238489341,0.6842459186443377,0.6979527985822881,0.0,0.0
187,149,100.09,99.98905560423195,100.03055290518527,99.97748666290244,99.907137389279,100.03890840977071,0.0,0.0
188,207,0.988,0.928142914789278,0.9379627392694704,0.9543452616132554,0.9366379199463788,0.9366379199463788,0.0,0.0
189,161,100.06,100.01740262622995,100.07030806547495,100.02487553660609,100.00788094314372,100.00827569314642,0.0,0.0
190,111,5.819,5.491422806731625,5.404218802999238,5.4106480357754405,5.8084741239298765,5.767048362019285,0.0,0.0
191,172,100.066,100.00036503269988,100.04489225449042,100.00863953427984,100.0124616961097,100.01232488538145,0.0,0.0
192,179,0.938,0.8983593932013505,0.9002053976504559,0.8914178469023932,0.8876430446812614,0.8829637726384345,0.0,0.0
193,95,2.679,2.6418464241834254,2.562522325816979,2.575893267362401,2.666745272501468,2.6236731437349565,0.0,0.0
194,138,0.846,0.8074150916685702,0.7829318665777405,0.7736612178981271,0.7707190572026057,0.7852659260280005,0.0,0.0
195,176,0.937,0.8834321137128246,0.8824782129018299,0.8755596323485249,0.8755596323485249,0.8755596323485249,0.0,0.0
196,137,0.915,0.8490485498631738,0.8484920730083829,0.8503950938950312,0.8489129712137109,0.8512027121776538,0.0,0.0
197,151,100.071,100.05434546908505,100.02034561799223,100.02587594696831,100.0206073758282,100.00621742851769,0.0,0.0
198,148,100.055,99.98231449644251,100.01712486834353,100.01682520966692,100.01417234905432,99.98909182457449,0.0,0.0
199,159,100.052,100.01639890431281,99.99211555088104,99.9564789843264,99.98373007065807,99.98500440141011,0.0,0.0
200,109,3.342,3.390323305131372,3.090138180446956,3.185861819078025,3.2538639583815687,3.2744209818586034,0.0,0.0
201,160,100.064,100.0217690614112,100.04137050923867,99.99692040159249,100.02955407959593,99.99602151547873,0.0,0.0
202,162,100.054,99.9896456900857,99.9702801172084,100.006964520341,100.03029810391952,99.98483091433252,0.0,0.0
203,5,0.941,0.9249520819805999,0.9249520819805999,0.9249520819805999,0.9143910262932984,0.8717513457163384,0.0,0.0
204,142,93.215,93.18926418873554,92.80657477068209,93.21037027090092,92.91803867462656,93.1450817651482,0.0,0.0
205,150,100.045,99.9881838144956,99.96273710695463,99.96604106155935,100.06481726373406,99.97177938995216,0.0,0.0
206,63,0.665,0.5985745031623076,0.6182235269954425,0.5985922346312882,0.5985922346312882,0.5897243602828426,0.0,0.0
207,152,100.043,99.96337357659507,100.0032992363484,99.94599971262716,100.40363014580208,99.96661178606979,0.0,0.0
208,132,2.238,2.130600196370116,2.150484535205423,2.162411234525273,2.146313976271735,2.1601944865009783,0.0,0.0
209,136,2.83,2.6918542704423705,2.8338793659786066,2.814333121110981,2.842875180096242,2.7506213269995268,0.0,0.0
210,126,5.122000000000001,4.998992375511384,5.089540316976473,5.089540316976473,5.089540316976473,5.040600498161322,0.0,0.0
211,13,1.422,1.3572129702860714,1.3470586063185879,1.3884665800951903,1.3374047203236643,1.333041215636267,0.0,0.0
212,102,2.805,2.8625810487117103,2.856492498422888,2.7524331004793483,2.7100810584921318,2.7106621495270087,0.0,0.0
213,163,102.976,102.85350892260135,102.83259857490982,102.845111327608,102.86589760294687,102.87891944796246,0.0,0.0
214,157,100.053,99.9787597324717,99.99038575928043,100.028886722607,99.9884558680642,99.95589502418079,0.0,0.0
215,204,1.02,0.9439534105618836,0.9439534105618836,0.9439534105618836,0.9358277092260684,0.9168469652322632,0.0,0.0
216,57,0.512,0.5280576366760524,0.5097180976480243,0.5097180976480243,0.4276095414060253,0.4042295424122284,0.0,0.0
217,89,1.148,1.1665134639407253,1.16426483866619,1.1856703408645175,1.221037491263122,1.0039006170995315,0.0,0.0
218,166,100.28,100.11576163463735,100.05298243056988,99.91532454200387,101.22809778498345,100.07864220752352,0.0,0.0
219,121,3.4960000000000004,3.1739571737668033,3.1882938873998765,3.2740045993236864,3.245930601918212,3.2702080707732946,0.0,0.0
220,144,102.373,101.83816944574913,101.5629393342112,101.97330998458513,101.66844745149244,102.1443494464344,0.0,0.0
221,141,113.728,113.27843713034241,113.31465686859327,113.00310850732164,112.65556233444009,112.92202633626364,0.0,0.0
